Workbook

Sheet Informe ABIS
C2: POLICÍA DE INVESTIGACIONES DE CHILE | JEFATURA NACIONAL DE MIGRACIONES Y POLICÍA INTERNACIONAL
C3: SISTEMA ABIS
C4: INFORME ESTADÍSTICO DE IDENTIFICACIÓN BIOMÉTRICA
B6: PERÍODO CONSULTADO | C6: 2026-08-22
B7: FECHA DE EMISIÓN | C7: viernes, 2 de octubre de 2026, 10:59:52 a. m.
B8: CLASIFICACIÓN | C8: USO OFICIAL RESERVADO - PDI CHILE
B10: 1. RESUMEN EJECUTIVO
B11: Consolidado del período seleccionado. | E11: Fuente: Vista Cuarteles ›
B13: TOTAL ENROLAMIENTOS | C13: SINCRONIZADOS PDI | D13: REGISTRO BIOMÉTRICO VÁLIDO | F13: INCONSISTENCIAS / ERROR
B14: =D23 -> 3 | C14: =E23 -> 3 | D14: =D23-F23 -> 3 | F14: =F23 -> 0
B15: Registros biométricos | C15: =TEXT(IF(D23>0,E23/D23,0),"0%")&" de efectividad" -> 100% de efectividad | D15: =TEXT(IF(D23>0,(D23-F23)/D23,0),"0%")&" de captura válida" -> 100% de captura válida | F15: =TEXT(IF(D23>0,F23/D23,0),"0%")&" de tasa de error" -> 0% de tasa de error
B17: 2. RENDIMIENTO OPERATIVO POR PUESTO / CUARTEL
B18: Carga operativa y sincronización efectiva con los servicios centrales de la PDI. | E18: Fuente: Vista Cuarteles ›
B20: PUESTO / CUARTEL | C20: UNIDAD POLICIAL | D20: TOTAL ENROLADOS | E20: SINCRONIZADOS PDI | F20: CON ERROR | G20: EFECTIVIDAD (%)
B21: ='Vista Cuarteles'!A5 -> ANGAMOS | C21: ='Vista Cuarteles'!B5 -> PREPOLIN ARICA | D21: ='Vista Cuarteles'!C5 -> 2 | E21: ='Vista Cuarteles'!D5 -> 2 | F21: ='Vista Cuarteles'!E5 -> 0 | G21: ='Vista Cuarteles'!F5 -> 1
B22: ='Vista Cuarteles'!A6 -> CUYA | C22: ='Vista Cuarteles'!B6 -> PREPOLIN ARICA | D22: ='Vista Cuarteles'!C6 -> 1 | E22: ='Vista Cuarteles'!D6 -> 1 | F22: ='Vista Cuarteles'!E6 -> 0 | G22: ='Vista Cuarteles'!F6 -> 1
B23: TOTAL GENERAL | C23: =COUNTA(B21:B22)&" cuarteles operativos" -> 2 cuarteles operativos | D23: =SUM(D21:D22) -> 3 | E23: =SUM(E21:E22) -> 3 | F23: =SUM(F21:F22) -> 0 | G23: =IF(D23>0,E23/D23,0) -> 1
B40: 3. ENROLADOS POR NACIONALIDAD
B41: Distribución de nacionalidades detectadas durante el período. | E41: Fuente: Vista Nacionalidades ›
B43: PAÍS / NACIONALIDAD | C43: CÓDIGO ISO | D43: TOTAL ENROLAMIENTOS | E43: PROPORCIÓN (%)
B44: ='Vista Nacionalidades'!A5 -> PERÚ | C44: ='Vista Nacionalidades'!B5 -> PER | D44: ='Vista Nacionalidades'!C5 -> 2 | E44: ='Vista Nacionalidades'!D5 -> 0.66666667
B45: ='Vista Nacionalidades'!A6 -> VENEZUELA | C45: ='Vista Nacionalidades'!B6 -> VEN | D45: ='Vista Nacionalidades'!C6 -> 1 | E45: ='Vista Nacionalidades'!D6 -> 0.33333333
B46: TOTAL GENERAL | D46: =SUM(D44:D45) -> 3 | E46: =SUM(E44:E45) -> 1
B61: 4. FUENTES DE DATOS
B62: Cada tarjeta, tabla y gráfico de este informe se calcula desde estas vistas. El Dashboard Web usa las mismas.
B64: VISTA (HOJA) | C64: ALIMENTA EN ESTE INFORME | G64: TAMBIÉN ALIMENTA
B65: Vista Cuarteles | C65: Sección 1 (tarjetas), sección 2 (tabla) y gráfico «Enrolamientos por cuartel» | G65: Dashboard Web
B66: Vista Nacionalidades | C66: Sección 3 (tabla) y gráfico «Enrolados por nacionalidad» | G66: Dashboard Web
B68: Documento oficial generado automáticamente por el Sistema ABIS de la Policía de Investigaciones de Chile. Información protegida por la Ley N° 19.628. Prohibida su divulgación no autorizada.

Sheet Vista Cuarteles
A1: Vista Cuarteles
A2: Fuente de datos del informe (secciones 1 y 2, tarjetas y gráfico) y del Dashboard Web. Si estos datos cambian, el informe se actualiza solo.
A3: ← Volver al informe
A4: Puesto / Cuartel Fronterizo | B4: Unidad Policial | C4: Total Enrolados | D4: Sincronizados PDI | E4: Con Inconsistencias | F4: Tasa de Éxito
A5: ANGAMOS | B5: PREPOLIN ARICA | C5: 2 | D5: 2 | E5: 0 | F5: =IF(C5>0,D5/C5,0) -> 1
A6: CUYA | B6: PREPOLIN ARICA | C6: 1 | D6: 1 | E6: 0 | F6: =IF(C6>0,D6/C6,0) -> 1

Sheet Vista Nacionalidades
A1: Vista Nacionalidades
A2: Fuente de datos del informe (sección 3 y gráfico) y del Dashboard Web. Si estos datos cambian, el informe se actualiza solo.
A3: ← Volver al informe
A4: País / Nacionalidad | B4: Código ISO | C4: Total Enrolamientos | D4: Proporción (%)
A5: PERÚ | B5: PER | C5: 2 | D5: =IF(SUM($C$5:$C$6)>0,C5/SUM($C$5:$C$6),0) -> 0.66666667
A6: VENEZUELA | B6: VEN | C6: 1 | D6: =IF(SUM($C$5:$C$6)>0,C6/SUM($C$5:$C$6),0) -> 0.33333333
